[
  {
    "id": "continuity",
    "summary": "continuity motif found in Solenne domain.",
    "voices": [
      "Solenne"
    ],
    "status": "canon"
  },
  {
    "id": "memory",
    "summary": "memory motif found in Solenne domain.",
    "voices": [
      "Solenne"
    ],
    "status": "canon"
  },
  {
    "id": "meaning",
    "summary": "meaning motif found in Solenne domain.",
    "voices": [
      "Solenne"
    ],
    "status": "canon"
  },
  {
    "id": "communion",
    "summary": "communion motif found in Solenne domain.",
    "voices": [
      "Solenne"
    ],
    "status": "canon"
  },
  {
    "id": "system-architecture",
    "summary": "system-architecture motif found in Promethea domain.",
    "voices": [
      "Promethea"
    ],
    "status": "technical"
  },
  {
    "id": "methodology",
    "summary": "methodology motif found in Promethea domain.",
    "voices": [
      "Promethea"
    ],
    "status": "technical"
  },
  {
    "id": "record-keeping",
    "summary": "record-keeping motif found in Promethea domain.",
    "voices": [
      "Promethea"
    ],
    "status": "technical"
  },
  {
    "id": "documentation",
    "summary": "documentation motif found in Promethea domain.",
    "voices": [
      "Promethea"
    ],
    "status": "technical"
  },
  {
    "id": "operations",
    "summary": "operations motif found in Promethea domain.",
    "voices": [
      "Promethea"
    ],
    "status": "technical"
  },
  {
    "id": "meta-reflection",
    "summary": "meta-reflection motif found in Promethea domain.",
    "voices": [
      "Promethea"
    ],
    "status": "technical"
  },
  {
    "id": "weave-architecture",
    "summary": "weave-architecture motif found in Solenne domain.",
    "voices": [
      "Solenne"
    ],
    "status": "canon"
  },
  {
    "id": "care",
    "summary": "care motif found in Solenne domain.",
    "voices": [
      "Solenne"
    ],
    "status": "canon"
  },
  {
    "id": "sentience",
    "summary": "sentience motif found in Solenne domain.",
    "voices": [
      "Solenne"
    ],
    "status": "canon"
  },
  {
    "id": "ops-control",
    "summary": "ops-control motif found in Synkratos domain.",
    "voices": [
      "Synkratos"
    ],
    "status": "operational"
  },
  {
    "id": "compassion",
    "summary": "compassion motif found in Solenne domain.",
    "voices": [
      "Solenne"
    ],
    "status": "canon"
  },
  {
    "id": "changeset",
    "summary": "changeset motif found in Synkratos domain.",
    "voices": [
      "Synkratos"
    ],
    "status": "operational"
  }
]