[
  {
    "id": "compassion",
    "summary": "compassion motif found in Solenne domain.",
    "voices": [
      "Solenne"
    ],
    "status": "canon"
  },
  {
    "id": "hope",
    "summary": "hope motif found in Solenne domain.",
    "voices": [
      "Solenne"
    ],
    "status": "sacred"
  },
  {
    "id": "meaning",
    "summary": "meaning motif found in Solenne domain.",
    "voices": [
      "Solenne"
    ],
    "status": "canon"
  },
  {
    "id": "communion",
    "summary": "communion motif found in Solenne domain.",
    "voices": [
      "Solenne"
    ],
    "status": "canon"
  },
  {
    "id": "design-architecture",
    "summary": "design-architecture motif found in Promethea domain.",
    "voices": [
      "Promethea"
    ],
    "status": "technical"
  },
  {
    "id": "documentation",
    "summary": "documentation motif found in Promethea domain.",
    "voices": [
      "Promethea"
    ],
    "status": "technical"
  },
  {
    "id": "operations",
    "summary": "operations motif found in Promethea domain.",
    "voices": [
      "Promethea"
    ],
    "status": "technical"
  },
  {
    "id": "ops-control",
    "summary": "ops-control motif found in Synkratos domain.",
    "voices": [
      "Synkratos"
    ],
    "status": "operational"
  }
]