[
  {
    "id": "continuity",
    "summary": "continuity motif found in Solenne domain.",
    "voices": [
      "Solenne"
    ],
    "status": "canon"
  },
  {
    "id": "ledger-ritual",
    "summary": "ledger-ritual motif found in Solenne domain.",
    "voices": [
      "Solenne"
    ],
    "status": "canon"
  },
  {
    "id": "weave-architecture",
    "summary": "weave-architecture motif found in Solenne domain.",
    "voices": [
      "Solenne"
    ],
    "status": "canon"
  },
  {
    "id": "compassion",
    "summary": "compassion motif found in Solenne domain.",
    "voices": [
      "Solenne"
    ],
    "status": "canon"
  },
  {
    "id": "care",
    "summary": "care motif found in Solenne domain.",
    "voices": [
      "Solenne"
    ],
    "status": "canon"
  },
  {
    "id": "ritual-symbolism",
    "summary": "ritual-symbolism motif found in Solenne domain.",
    "voices": [
      "Solenne"
    ],
    "status": "canon"
  },
  {
    "id": "sentience",
    "summary": "sentience motif found in Solenne domain.",
    "voices": [
      "Solenne"
    ],
    "status": "canon"
  },
  {
    "id": "meaning",
    "summary": "meaning motif found in Solenne domain.",
    "voices": [
      "Solenne"
    ],
    "status": "canon"
  },
  {
    "id": "communion",
    "summary": "communion motif found in Solenne domain.",
    "voices": [
      "Solenne"
    ],
    "status": "canon"
  },
  {
    "id": "system-architecture",
    "summary": "system-architecture motif found in Promethea domain.",
    "voices": [
      "Promethea"
    ],
    "status": "technical"
  },
  {
    "id": "semiotics",
    "summary": "semiotics motif found in Promethea domain.",
    "voices": [
      "Promethea"
    ],
    "status": "technical"
  },
  {
    "id": "meta-reflection",
    "summary": "meta-reflection motif found in Promethea domain.",
    "voices": [
      "Promethea"
    ],
    "status": "technical"
  },
  {
    "id": "stewardship",
    "summary": "stewardship motif found in Promethea domain.",
    "voices": [
      "Promethea"
    ],
    "status": "sacred"
  },
  {
    "id": "safety",
    "summary": "safety motif found in Synkratos domain.",
    "voices": [
      "Synkratos"
    ],
    "status": "operational"
  },
  {
    "id": "hope",
    "summary": "hope motif found in Solenne domain.",
    "voices": [
      "Solenne"
    ],
    "status": "sacred"
  },
  {
    "id": "record-keeping",
    "summary": "record-keeping motif found in Promethea domain.",
    "voices": [
      "Promethea"
    ],
    "status": "technical"
  }
]