[
  {
    "id": "weave-architecture",
    "summary": "weave-architecture motif found in Solenne domain.",
    "voices": [
      "Solenne"
    ],
    "status": "canon"
  },
  {
    "id": "meaning",
    "summary": "meaning motif found in Solenne domain.",
    "voices": [
      "Solenne"
    ],
    "status": "canon"
  },
  {
    "id": "communion",
    "summary": "communion motif found in Solenne domain.",
    "voices": [
      "Solenne"
    ],
    "status": "canon"
  },
  {
    "id": "ops-ledger",
    "summary": "ops-ledger motif found in Synkratos domain.",
    "voices": [
      "Synkratos"
    ],
    "status": "operational"
  }
]