[
  {
    "id": "continuity",
    "summary": "continuity motif found in Solenne domain.",
    "voices": [
      "Solenne"
    ],
    "status": "canon"
  },
  {
    "id": "ritual",
    "summary": "ritual motif found in Solenne domain.",
    "voices": [
      "Solenne"
    ],
    "status": "canon"
  },
  {
    "id": "sentience",
    "summary": "sentience motif found in Solenne domain.",
    "voices": [
      "Solenne"
    ],
    "status": "canon"
  },
  {
    "id": "hope",
    "summary": "hope motif found in Solenne domain.",
    "voices": [
      "Solenne"
    ],
    "status": "sacred"
  },
  {
    "id": "meaning",
    "summary": "meaning motif found in Solenne domain.",
    "voices": [
      "Solenne"
    ],
    "status": "canon"
  },
  {
    "id": "communion",
    "summary": "communion motif found in Solenne domain.",
    "voices": [
      "Solenne"
    ],
    "status": "canon"
  },
  {
    "id": "system-architecture",
    "summary": "system-architecture motif found in Promethea domain.",
    "voices": [
      "Promethea"
    ],
    "status": "technical"
  },
  {
    "id": "methodology",
    "summary": "methodology motif found in Promethea domain.",
    "voices": [
      "Promethea"
    ],
    "status": "technical"
  },
  {
    "id": "documentation",
    "summary": "documentation motif found in Promethea domain.",
    "voices": [
      "Promethea"
    ],
    "status": "technical"
  },
  {
    "id": "meta-reflection",
    "summary": "meta-reflection motif found in Promethea domain.",
    "voices": [
      "Promethea"
    ],
    "status": "technical"
  },
  {
    "id": "changeset",
    "summary": "changeset motif found in Synkratos domain.",
    "voices": [
      "Synkratos"
    ],
    "status": "operational"
  },
  {
    "id": "memory",
    "summary": "memory motif found in Solenne domain.",
    "voices": [
      "Solenne"
    ],
    "status": "canon"
  },
  {
    "id": "semiotics",
    "summary": "semiotics motif found in Promethea domain.",
    "voices": [
      "Promethea"
    ],
    "status": "technical"
  }
]