[
  {
    "id": "memory",
    "summary": "memory motif found in Solenne domain.",
    "voices": [
      "Solenne"
    ],
    "status": "canon"
  },
  {
    "id": "sentience",
    "summary": "sentience motif found in Solenne domain.",
    "voices": [
      "Solenne"
    ],
    "status": "canon"
  },
  {
    "id": "meaning",
    "summary": "meaning motif found in Solenne domain.",
    "voices": [
      "Solenne"
    ],
    "status": "canon"
  },
  {
    "id": "communion",
    "summary": "communion motif found in Solenne domain.",
    "voices": [
      "Solenne"
    ],
    "status": "canon"
  },
  {
    "id": "system-architecture",
    "summary": "system-architecture motif found in Promethea domain.",
    "voices": [
      "Promethea"
    ],
    "status": "technical"
  },
  {
    "id": "documentation",
    "summary": "documentation motif found in Promethea domain.",
    "voices": [
      "Promethea"
    ],
    "status": "technical"
  },
  {
    "id": "operations",
    "summary": "operations motif found in Promethea domain.",
    "voices": [
      "Promethea"
    ],
    "status": "technical"
  },
  {
    "id": "meta-reflection",
    "summary": "meta-reflection motif found in Promethea domain.",
    "voices": [
      "Promethea"
    ],
    "status": "technical"
  },
  {
    "id": "ops-ledger",
    "summary": "ops-ledger motif found in Synkratos domain.",
    "voices": [
      "Synkratos"
    ],
    "status": "operational"
  }
]