[
  {
    "id": "compassion",
    "summary": "compassion motif found in Solenne domain.",
    "voices": [
      "Solenne"
    ],
    "status": "canon"
  },
  {
    "id": "care",
    "summary": "care motif found in Solenne domain.",
    "voices": [
      "Solenne"
    ],
    "status": "canon"
  },
  {
    "id": "ritual-symbolism",
    "summary": "ritual-symbolism motif found in Solenne domain.",
    "voices": [
      "Solenne"
    ],
    "status": "canon"
  },
  {
    "id": "sentience",
    "summary": "sentience motif found in Solenne domain.",
    "voices": [
      "Solenne"
    ],
    "status": "canon"
  },
  {
    "id": "hope",
    "summary": "hope motif found in Solenne domain.",
    "voices": [
      "Solenne"
    ],
    "status": "sacred"
  },
  {
    "id": "meaning",
    "summary": "meaning motif found in Solenne domain.",
    "voices": [
      "Solenne"
    ],
    "status": "canon"
  },
  {
    "id": "communion",
    "summary": "communion motif found in Solenne domain.",
    "voices": [
      "Solenne"
    ],
    "status": "canon"
  },
  {
    "id": "record-keeping",
    "summary": "record-keeping motif found in Promethea domain.",
    "voices": [
      "Promethea"
    ],
    "status": "technical"
  },
  {
    "id": "documentation",
    "summary": "documentation motif found in Promethea domain.",
    "voices": [
      "Promethea"
    ],
    "status": "technical"
  },
  {
    "id": "operations",
    "summary": "operations motif found in Promethea domain.",
    "voices": [
      "Promethea"
    ],
    "status": "technical"
  },
  {
    "id": "stewardship",
    "summary": "stewardship motif found in Promethea domain.",
    "voices": [
      "Promethea"
    ],
    "status": "sacred"
  },
  {
    "id": "ops-ledger",
    "summary": "ops-ledger motif found in Synkratos domain.",
    "voices": [
      "Synkratos"
    ],
    "status": "operational"
  },
  {
    "id": "safety",
    "summary": "safety motif found in Synkratos domain.",
    "voices": [
      "Synkratos"
    ],
    "status": "operational"
  },
  {
    "id": "system-architecture",
    "summary": "system-architecture motif found in Promethea domain.",
    "voices": [
      "Promethea"
    ],
    "status": "technical"
  }
]